cell,center_x,center_y
A1,69,76
B1,207,76
C1,345,76
D1,483,76
E1,621,76
F1,759,76
G1,897,76
H1,1035,76
I1,1173,76
J1,1311,76
K1,1449,76
L1,1587,76
M1,1725,76
N1,1863,76
A2,69,228
B2,207,228
C2,345,228
D2,483,228
E2,621,228
F2,759,228
G2,897,228
H2,1035,228
I2,1173,228
J2,1311,228
K2,1449,228
L2,1587,228
M2,1725,228
N2,1863,228
A3,69,380
B3,207,380
C3,345,380
D3,483,380
E3,621,380
F3,759,380
G3,897,380
H3,1035,380
I3,1173,380
J3,1311,380
K3,1449,380
L3,1587,380
M3,1725,380
N3,1863,380
A4,69,532
B4,207,532
C4,345,532
D4,483,532
E4,621,532
F4,759,532
G4,897,532
H4,1035,532
I4,1173,532
J4,1311,532
K4,1449,532
L4,1587,532
M4,1725,532
N4,1863,532
A5,69,684
B5,207,684
C5,345,684
D5,483,684
E5,621,684
F5,759,684
G5,897,684
H5,1035,684
I5,1173,684
J5,1311,684
K5,1449,684
L5,1587,684
M5,1725,684
N5,1863,684
A6,69,836
B6,207,836
C6,345,836
D6,483,836
E6,621,836
F6,759,836
G6,897,836
H6,1035,836
I6,1173,836
J6,1311,836
K6,1449,836
L6,1587,836
M6,1725,836
N6,1863,836
A7,69,988
B7,207,988
C7,345,988
D7,483,988
E7,621,988
F7,759,988
G7,897,988
H7,1035,988
I7,1173,988
J7,1311,988
K7,1449,988
L7,1587,988
M7,1725,988
N7,1863,988
A8,69,1140
B8,207,1140
C8,345,1140
D8,483,1140
E8,621,1140
F8,759,1140
G8,897,1140
H8,1035,1140
I8,1173,1140
J8,1311,1140
K8,1449,1140
L8,1587,1140
M8,1725,1140
N8,1863,1140
